fd,model,loss,window,lr,hp,seed,val_rmse,test_rmse,nasa,sec
FD001,ridge,-,30,0.0,alpha1.0,42,20.086,17.622,545.0,0.1
FD001,ridge,-,30,0.0,alpha10.0,42,19.945,17.571,549.5,0.1
FD001,rf,-,30,0.0,"n_estimators400,max_depth16",42,19.378,19.089,1721.4,345.7
FD001,svr,-,30,0.0,"C10,gammascale",42,16.283,15.098,417.1,18.0
FD002,ridge,-,30,0.0,alpha1.0,42,20.369,19.552,1869.7,0.3
FD002,ridge,-,30,0.0,alpha10.0,42,20.327,19.539,1867.8,0.2
FD002,rf,-,30,0.0,"n_estimators400,max_depth16",42,20.184,17.738,1888.5,1128.3
FD002,svr,-,30,0.0,"C10,gammascale",42,19.182,16.564,1646.2,150.6
FD003,ridge,-,30,0.0,alpha1.0,42,16.731,18.649,759.3,0.1
FD003,ridge,-,30,0.0,alpha10.0,42,16.67,18.787,783.1,0.1
FD003,rf,-,30,0.0,"n_estimators400,max_depth16",42,13.966,17.88,1510.6,443.6
FD003,svr,-,30,0.0,"C10,gammascale",42,14.357,18.559,1432.8,30.0
FD004,ridge,-,30,0.0,alpha1.0,42,21.07,21.797,2954.9,0.3
FD004,ridge,-,30,0.0,alpha10.0,42,21.025,21.806,2954.9,0.2
FD004,rf,-,30,0.0,"n_estimators400,max_depth16",42,20.134,18.934,3330.1,1278.6
FD004,svr,-,30,0.0,"C10,gammascale",42,19.234,18.361,3809.5,220.5
FD002,cnn,asym,50,0.0005,"ch128,k5,poolavg,p0.2",7,21.35,22.554,951140.1,23.9
FD002,cnn,mse,30,0.0005,"ch128,k5,poolmax,p0.3",7,21.192,20.981,3630.2,24.0
FD002,cnn,mse,50,0.0005,"ch128,k7,poolavg,p0.3",7,20.774,20.243,2709.2,37.3
FD002,cnn,asym,30,0.0005,"ch128,k7,poolmax,p0.3",7,20.469,19.101,4434.3,20.9
FD002,lstm,asym,50,0.0005,"hid64,layers1,p0.3",7,13.356,13.301,748.6,52.2
FD002,lstm,mse,30,0.0005,"hid64,layers3,p0.2",7,15.301,14.958,1359.0,43.2
FD002,lstm,mse,50,0.0005,"hid96,layers1,p0.2",7,13.351,13.19,989.6,37.5
FD002,lstm,asym,30,0.0005,"hid96,layers2,p0.2",7,15.149,14.462,1052.3,34.9
FD002,lstm,asym,50,0.0005,"hid96,layers3,p0.2",7,14.136,13.63,865.2,45.2
FD002,lstm,mse,30,0.0005,"hid128,layers1,p0.3",7,14.789,13.988,1009.1,40.4
FD002,lstm,mse,50,0.0005,"hid128,layers2,p0.3",7,13.444,12.998,840.9,64.7
FD002,lstm,asym,30,0.0005,"hid128,layers3,p0.3",7,15.125,14.418,1031.0,76.2
FD002,lstm,asym,50,0.0005,"hid160,layers1,p0.3",7,13.307,12.647,718.6,101.9
FD002,lstm,mse,30,0.0005,"hid160,layers3,p0.2",7,15.076,14.195,1097.2,165.3
FD002,lstm,asym,30,0.0005,"hid160,layers3,p0.3",7,15.167,14.345,1091.4,172.2
FD002,gru,asym,50,0.001,"hid64,layers1,p0.2",7,13.413,12.892,752.8,80.1
FD002,gru,asym,50,0.0005,"hid64,layers1,p0.3",7,13.26,12.578,681.2,54.4
FD002,gru,mse,30,0.001,"hid64,layers2,p0.3",7,15.001,13.985,893.9,30.6
FD002,gru,mse,30,0.0005,"hid64,layers3,p0.2",7,15.043,14.094,909.0,50.9
FD002,gru,mse,50,0.001,"hid64,layers3,p0.3",7,13.54,12.669,634.3,42.8
FD002,gru,mse,50,0.0005,"hid96,layers1,p0.2",7,13.082,12.64,695.8,57.0
FD002,gru,asym,30,0.001,"hid96,layers1,p0.3",7,15.005,13.368,802.1,85.5
FD002,gru,asym,30,0.0005,"hid96,layers2,p0.2",7,14.667,13.647,892.0,58.5
FD002,gru,asym,50,0.001,"hid96,layers2,p0.3",7,13.167,12.677,689.6,41.0
FD002,gru,asym,50,0.0005,"hid96,layers3,p0.2",7,13.147,12.72,673.8,62.6
FD002,gru,mse,30,0.001,"hid128,layers1,p0.2",7,14.901,13.736,891.3,67.8
FD002,gru,mse,30,0.0005,"hid128,layers1,p0.3",7,15.408,14.238,907.8,104.2
FD002,gru,mse,50,0.001,"hid128,layers2,p0.2",7,13.032,12.543,703.9,52.0
FD002,gru,mse,50,0.0005,"hid128,layers2,p0.3",7,13.138,12.794,750.5,53.5
FD002,gru,asym,30,0.001,"hid128,layers3,p0.2",7,14.986,14.131,1049.4,52.3
FD002,gru,asym,30,0.0005,"hid128,layers3,p0.3",7,14.767,13.517,853.1,47.9
FD002,bilstm,asym,50,0.001,"hid64,layers1,p0.2",7,14.076,13.134,842.8,32.3
FD002,bilstm,asym,50,0.0005,"hid64,layers1,p0.3",7,13.544,13.364,732.3,42.2
FD002,bilstm,mse,30,0.001,"hid64,layers2,p0.3",7,14.889,14.228,1016.4,43.9
FD002,bilstm,mse,30,0.0005,"hid96,layers1,p0.2",7,14.946,13.56,992.9,73.7
FD002,bilstm,mse,50,0.001,"hid96,layers1,p0.3",7,13.32,13.156,766.9,38.2
FD002,bilstm,mse,50,0.0005,"hid96,layers2,p0.2",7,13.499,12.588,657.4,35.4
FD002,bilstm,asym,30,0.001,"hid96,layers2,p0.3",7,15.328,14.267,1034.8,36.7
FD002,bilstm,asym,30,0.0005,"hid128,layers1,p0.2",7,14.909,13.692,900.2,57.5
FD002,bilstm,asym,50,0.001,"hid128,layers1,p0.3",7,13.348,12.645,639.6,36.1
FD002,bilstm,asym,50,0.0005,"hid128,layers2,p0.2",7,13.375,12.786,685.8,60.4
FD002,cnnlstm,mse,30,0.001,"ch32,hid64,p0.2",7,16.243,15.297,1384.7,17.7
FD002,cnnlstm,mse,30,0.0005,"ch32,hid64,p0.3",7,16.029,15.537,1238.9,20.6
FD002,cnnlstm,mse,50,0.001,"ch32,hid96,p0.2",7,14.428,13.475,842.0,15.8
FD002,cnnlstm,mse,50,0.0005,"ch32,hid96,p0.3",7,15.279,14.055,978.1,17.5
FD002,cnnlstm,asym,30,0.001,"ch32,hid128,p0.2",7,15.783,14.458,997.3,15.1
FD002,cnnlstm,asym,30,0.0005,"ch32,hid128,p0.3",7,15.769,14.318,979.8,17.1
FD002,cnnlstm,asym,50,0.001,"ch64,hid64,p0.2",7,14.422,14.409,828.3,12.6
FD002,cnnlstm,asym,50,0.0005,"ch64,hid64,p0.3",7,16.616,15.784,1262.0,16.5
FD002,cnnlstm,mse,30,0.001,"ch64,hid96,p0.3",7,15.945,14.784,1023.7,15.3
FD002,cnnlstm,mse,30,0.0005,"ch64,hid128,p0.2",7,15.991,15.914,1439.7,16.6
FD002,cnnlstm,mse,50,0.001,"ch64,hid128,p0.3",7,14.471,12.97,722.0,15.3
FD002,tcn,mse,50,0.0005,"ch32,levels3,p0.1",7,17.174,15.037,1171.5,28.8
FD002,tcn,asym,30,0.001,"ch32,levels3,p0.2",7,16.4,15.559,1296.6,29.6
FD002,tcn,mse,50,0.001,"ch32,levels4,p0.1",7,14.822,13.73,882.2,22.3
FD002,tcn,mse,30,0.001,"ch32,levels4,p0.2",7,15.847,15.151,1134.5,37.3
FD002,tcn,asym,50,0.001,"ch32,levels4,p0.2",7,14.746,14.032,930.0,40.1
FD002,tcn,asym,30,0.001,"ch32,levels5,p0.1",7,16.385,14.876,1156.9,27.9
FD002,tcn,mse,50,0.001,"ch32,levels5,p0.2",7,14.059,12.893,841.8,28.2
FD002,tcn,mse,30,0.001,"ch32,levels6,p0.1",7,16.178,15.742,1451.3,33.1
FD002,tcn,asym,50,0.001,"ch32,levels6,p0.1",7,14.204,13.553,1002.2,28.0
FD002,tcn,asym,30,0.001,"ch32,levels6,p0.2",7,16.389,15.513,1054.0,31.2
FD002,tcn,mse,50,0.001,"ch64,levels3,p0.1",7,17.269,14.778,1268.5,17.1
FD002,tcn,mse,30,0.001,"ch64,levels3,p0.2",7,17.178,14.868,1782.5,30.7
FD002,tcn,asym,50,0.001,"ch64,levels3,p0.2",7,17.053,14.63,1056.3,16.5
FD002,tcn,asym,30,0.001,"ch64,levels4,p0.1",7,16.577,14.806,1112.5,18.5
FD002,tcn,mse,50,0.001,"ch64,levels4,p0.2",7,14.751,14.203,980.4,25.4
FD002,tcn,mse,30,0.001,"ch64,levels5,p0.1",7,16.026,14.434,1079.2,23.0
FD002,tcn,asym,50,0.001,"ch64,levels5,p0.1",7,14.6,13.451,838.5,21.2
FD002,tcn,asym,30,0.001,"ch64,levels5,p0.2",7,15.998,15.828,1213.2,27.6
FD002,tcn,mse,50,0.001,"ch64,levels6,p0.1",7,14.898,14.022,865.9,24.0
FD002,tcn,mse,30,0.001,"ch64,levels6,p0.2",7,16.026,15.388,1313.9,29.9
FD002,tcn,asym,50,0.001,"ch64,levels6,p0.2",7,14.407,13.663,890.1,30.5
FD002,tcn,asym,30,0.001,"ch96,levels3,p0.1",7,17.053,16.459,1439.2,19.2
FD002,tcn,mse,50,0.001,"ch96,levels3,p0.2",7,16.882,14.961,1165.4,22.7
FD002,tcn,mse,30,0.001,"ch96,levels4,p0.1",7,16.759,15.846,1421.6,21.9
FD002,tcn,asym,50,0.001,"ch96,levels4,p0.1",7,15.138,14.887,920.9,23.4
FD002,tcn,asym,30,0.001,"ch96,levels4,p0.2",7,16.577,15.519,1295.1,25.1
FD002,tcn,mse,50,0.001,"ch96,levels5,p0.1",7,15.458,14.656,1096.8,24.9
FD002,tcn,mse,30,0.001,"ch96,levels5,p0.2",7,16.488,15.964,1510.4,29.9
FD002,tcn,asym,50,0.001,"ch96,levels5,p0.2",7,14.759,14.1,899.5,32.7
FD002,tcn,asym,30,0.001,"ch96,levels6,p0.1",7,17.113,16.353,1281.0,36.7
FD002,tcn,mse,50,0.001,"ch96,levels6,p0.2",7,14.746,14.16,1145.9,44.5
FD002,dlinear,mse,30,0.001,kernel15,7,15.756,14.684,980.2,81.9
FD002,dlinear,mse,50,0.001,kernel25,7,14.513,14.394,1018.7,80.3
FD002,patchtst,mse,30,0.001,"patch10,stride5,d_model64,layers2,revinTrue",7,16.821,17.851,1663.8,181.5
FD002,patchtst,asym,30,0.0005,"patch10,stride5,d_model64,layers2,revinTrue",7,16.989,18.139,1605.2,150.8
FD002,patchtst,mse,50,0.001,"patch10,stride5,d_model64,layers2,revinFalse",42,13.024,13.04,735.3,129.7
FD002,patchtst,asym,50,0.001,"patch10,stride5,d_model64,layers2,revinFalse",7,12.855,12.808,654.9,151.0
FD002,patchtst,mse,50,0.0005,"patch10,stride5,d_model64,layers3,revinTrue",42,13.89,17.875,2260.9,276.9
FD002,patchtst,asym,50,0.0005,"patch10,stride5,d_model64,layers3,revinTrue",7,14.046,19.511,4176.1,230.4
FD002,patchtst,asym,30,0.001,"patch10,stride5,d_model64,layers3,revinFalse",42,14.791,13.829,739.6,140.7
FD002,patchtst,mse,30,0.001,"patch10,stride5,d_model128,layers2,revinTrue",7,17.893,17.989,1930.2,200.2
FD002,patchtst,asym,30,0.0005,"patch10,stride5,d_model128,layers2,revinTrue",42,17.218,17.983,1802.0,123.4
FD002,patchtst,mse,30,0.0005,"patch10,stride5,d_model128,layers2,revinFalse",7,15.242,13.705,796.5,102.9
FD002,patchtst,asym,50,0.001,"patch10,stride5,d_model128,layers2,revinFalse",42,13.24,13.379,773.0,131.7
FD002,patchtst,mse,50,0.001,"patch10,stride5,d_model128,layers3,revinTrue",7,21.143,25.737,9278.9,162.6
FD002,patchtst,asym,50,0.0005,"patch10,stride5,d_model128,layers3,revinTrue",42,14.089,17.476,1834.0,220.2
FD002,patchtst,mse,50,0.0005,"patch10,stride5,d_model128,layers3,revinFalse",7,13.184,13.936,755.9,167.7
FD002,patchtst,asym,50,0.0005,"patch10,stride5,d_model128,layers3,revinFalse",7,13.233,14.435,750.9,185.9
FD003,cnn,asym,30,0.0005,"ch32,k3,poolavg,p0.2",7,15.312,20.626,1759.5,18.4
FD003,cnn,mse,50,0.0005,"ch32,k3,poolavg,p0.3",7,18.167,24.932,4301.7,15.4
FD003,cnn,mse,30,0.0005,"ch32,k3,poolmax,p0.2",7,16.975,21.481,2010.0,12.6
FD003,cnn,asym,50,0.0005,"ch32,k3,poolmax,p0.2",7,24.529,26.257,4831.7,15.2
FD003,cnn,asym,30,0.0005,"ch32,k3,poolmax,p0.3",7,16.622,20.508,1482.0,12.8
FD003,cnn,mse,50,0.0005,"ch32,k5,poolavg,p0.2",7,17.478,22.8,3255.8,25.1
FD003,cnn,mse,30,0.0005,"ch32,k5,poolavg,p0.3",7,13.707,20.075,1303.2,46.3
FD003,cnn,asym,50,0.0005,"ch32,k5,poolavg,p0.3",7,16.691,23.195,1907.3,23.6
FD003,cnn,asym,30,0.0005,"ch32,k5,poolmax,p0.2",7,13.296,16.129,779.0,44.0
FD003,cnn,mse,50,0.0005,"ch32,k5,poolmax,p0.3",7,13.211,16.911,852.0,49.2
FD003,cnn,mse,30,0.0005,"ch32,k7,poolavg,p0.2",7,13.357,14.883,483.2,21.7
FD003,cnn,asym,50,0.0005,"ch32,k7,poolavg,p0.2",7,14.844,17.822,752.3,19.0
FD003,cnn,asym,30,0.0005,"ch32,k7,poolavg,p0.3",7,13.177,13.663,300.9,21.7
FD003,cnn,mse,50,0.0005,"ch32,k7,poolmax,p0.2",7,13.772,18.086,1152.0,18.4
FD003,cnn,mse,30,0.0005,"ch32,k7,poolmax,p0.3",7,13.475,16.743,869.6,22.1
FD003,cnn,asym,50,0.0005,"ch32,k7,poolmax,p0.3",7,14.604,18.741,788.3,14.2
FD003,cnn,asym,30,0.0005,"ch64,k3,poolavg,p0.2",7,15.078,21.368,2153.0,12.9
FD003,cnn,mse,50,0.0005,"ch64,k3,poolavg,p0.3",7,17.897,24.103,2990.6,11.2
FD003,cnn,mse,30,0.0005,"ch64,k3,poolmax,p0.2",7,17.532,22.792,3084.6,15.0
FD003,cnn,asym,50,0.0005,"ch64,k3,poolmax,p0.2",7,23.282,26.324,2936.1,17.1
FD003,cnn,asym,30,0.0005,"ch64,k3,poolmax,p0.3",7,17.213,21.822,2015.6,13.2
FD003,cnn,mse,50,0.0005,"ch64,k5,poolavg,p0.2",7,13.876,18.127,1021.3,14.2
FD003,cnn,mse,30,0.0005,"ch64,k5,poolavg,p0.3",7,14.172,19.624,1246.7,11.4
FD003,cnn,asym,50,0.0005,"ch64,k5,poolavg,p0.3",7,13.292,16.984,708.1,20.1
FD003,cnn,asym,30,0.0005,"ch64,k5,poolmax,p0.2",7,12.845,16.933,943.5,18.2
FD003,cnn,mse,50,0.0005,"ch64,k5,poolmax,p0.3",7,14.747,17.97,1335.7,18.9
FD003,cnn,mse,30,0.0005,"ch64,k7,poolavg,p0.2",7,14.365,17.652,752.1,15.7
FD003,cnn,asym,50,0.0005,"ch64,k7,poolavg,p0.2",7,13.259,15.017,368.3,20.9
FD003,cnn,asym,30,0.0005,"ch64,k7,poolavg,p0.3",7,12.822,15.706,392.7,19.9
FD003,cnn,mse,50,0.0005,"ch64,k7,poolmax,p0.2",7,13.289,16.022,815.6,19.6
FD003,cnn,mse,30,0.0005,"ch64,k7,poolmax,p0.3",7,14.113,17.653,1023.9,23.0
FD003,cnn,asym,50,0.0005,"ch64,k7,poolmax,p0.3",7,14.04,17.857,838.8,15.9
FD003,cnn,asym,30,0.0005,"ch96,k3,poolavg,p0.2",7,15.562,19.708,980.4,12.0
FD003,cnn,mse,50,0.0005,"ch96,k3,poolavg,p0.3",7,17.498,22.602,1578.0,9.7
FD003,cnn,mse,30,0.0005,"ch96,k3,poolmax,p0.2",7,17.593,21.748,2155.0,10.7
FD003,cnn,asym,50,0.0005,"ch96,k3,poolmax,p0.2",7,23.515,30.066,8301.1,7.2
FD003,cnn,asym,30,0.0005,"ch96,k3,poolmax,p0.3",7,16.781,20.311,1185.3,11.1
FD003,cnn,mse,50,0.0005,"ch96,k5,poolavg,p0.2",7,15.305,21.562,1429.8,11.7
FD003,cnn,mse,30,0.0005,"ch96,k5,poolavg,p0.3",7,14.769,19.728,1163.2,11.1
FD003,cnn,asym,50,0.0005,"ch96,k5,poolavg,p0.3",7,15.729,21.797,1306.6,11.2
FD003,cnn,asym,30,0.0005,"ch96,k5,poolmax,p0.2",7,14.02,17.403,871.6,14.7
FD003,cnn,mse,50,0.0005,"ch96,k5,poolmax,p0.3",7,14.305,17.707,799.2,14.3
FD003,cnn,mse,30,0.0005,"ch96,k7,poolavg,p0.2",7,13.464,16.759,587.1,10.8
FD003,cnn,asym,50,0.0005,"ch96,k7,poolavg,p0.2",7,13.607,18.003,541.4,11.0
FD003,cnn,asym,30,0.0005,"ch96,k7,poolavg,p0.3",7,12.969,17.93,600.0,12.8
FD003,cnn,mse,50,0.0005,"ch96,k7,poolmax,p0.2",7,14.211,17.384,883.9,20.8
FD003,cnn,mse,30,0.0005,"ch96,k7,poolmax,p0.3",7,13.792,17.267,977.3,16.1
FD003,cnn,asym,50,0.0005,"ch96,k7,poolmax,p0.3",7,13.988,16.986,759.0,11.4
FD003,cnn,asym,30,0.0005,"ch128,k3,poolavg,p0.2",7,16.068,21.147,1703.6,10.0
FD003,cnn,mse,50,0.0005,"ch128,k3,poolavg,p0.3",7,17.532,23.134,2292.2,12.7
FD003,cnn,mse,30,0.0005,"ch128,k3,poolmax,p0.2",7,14.529,17.081,1012.3,14.8
FD003,cnn,asym,50,0.0005,"ch128,k3,poolmax,p0.2",7,16.32,21.896,1607.5,13.0
FD003,cnn,asym,30,0.0005,"ch128,k3,poolmax,p0.3",7,13.485,17.129,830.7,14.5
FD003,cnn,mse,50,0.0005,"ch128,k5,poolavg,p0.2",7,13.876,19.07,853.6,10.7
FD003,cnn,mse,30,0.0005,"ch128,k5,poolavg,p0.3",7,13.305,16.711,556.3,14.7
FD003,cnn,asym,50,0.0005,"ch128,k5,poolavg,p0.3",7,13.751,18.897,943.0,13.5
FD003,cnn,asym,30,0.0005,"ch128,k5,poolmax,p0.2",7,14.255,17.838,1110.3,15.4
FD003,cnn,mse,50,0.0005,"ch128,k5,poolmax,p0.3",7,14.962,18.625,1228.7,17.1
FD003,cnn,mse,30,0.0005,"ch128,k7,poolavg,p0.2",7,12.715,14.596,342.4,13.7
FD003,cnn,asym,50,0.0005,"ch128,k7,poolavg,p0.2",7,13.551,17.624,693.0,10.4
FD003,cnn,asym,30,0.0005,"ch128,k7,poolavg,p0.3",7,12.664,17.281,548.2,11.6
FD003,cnn,mse,50,0.0005,"ch128,k7,poolmax,p0.2",7,13.177,16.217,812.0,16.9
FD003,cnn,mse,30,0.0005,"ch128,k7,poolmax,p0.3",7,13.79,16.946,827.9,11.6
FD003,cnn,asym,50,0.0005,"ch128,k7,poolmax,p0.3",7,13.342,15.865,602.9,14.5
FD003,lstm,asym,30,0.0005,"hid64,layers1,p0.2",7,11.66,14.609,736.5,16.7
FD003,lstm,mse,50,0.0005,"hid64,layers1,p0.3",7,10.904,14.7,782.4,17.2
FD003,lstm,mse,30,0.0005,"hid64,layers2,p0.2",7,11.259,14.297,509.9,24.3
FD003,lstm,asym,50,0.0005,"hid64,layers2,p0.2",7,11.276,14.441,894.5,26.6
FD003,lstm,asym,30,0.0005,"hid64,layers2,p0.3",7,11.45,14.73,889.3,21.7
FD003,lstm,mse,50,0.0005,"hid64,layers3,p0.2",7,11.301,14.918,1083.2,26.0
FD003,lstm,mse,30,0.0005,"hid64,layers3,p0.3",7,11.161,14.241,895.9,29.5
FD003,lstm,asym,50,0.0005,"hid64,layers3,p0.3",7,11.724,14.637,886.6,25.3
FD003,lstm,asym,30,0.0005,"hid96,layers1,p0.2",7,11.622,14.515,721.8,23.9
FD003,lstm,mse,50,0.0005,"hid96,layers1,p0.3",7,10.78,13.854,550.3,19.8
FD003,lstm,mse,30,0.0005,"hid96,layers2,p0.2",7,11.297,14.121,954.7,16.6
FD003,lstm,asym,50,0.0005,"hid96,layers2,p0.2",7,11.008,13.538,916.2,28.0
FD003,lstm,asym,30,0.0005,"hid96,layers2,p0.3",7,11.084,13.127,292.0,25.7
FD003,lstm,mse,50,0.0005,"hid96,layers3,p0.2",7,10.032,13.945,1056.2,27.2
FD003,lstm,mse,30,0.0005,"hid96,layers3,p0.3",7,10.647,13.911,765.3,30.1
FD003,lstm,asym,50,0.0005,"hid96,layers3,p0.3",7,10.879,13.678,667.3,17.2
FD003,lstm,asym,30,0.0005,"hid128,layers1,p0.2",7,11.546,14.069,490.3,12.2
FD003,lstm,mse,50,0.0005,"hid128,layers1,p0.3",7,10.637,14.306,685.6,13.2
FD003,lstm,mse,30,0.0005,"hid128,layers2,p0.2",7,11.219,14.438,868.4,15.3
FD003,lstm,asym,50,0.0005,"hid128,layers2,p0.2",7,11.106,14.115,1019.1,21.1
FD003,lstm,asym,30,0.0005,"hid128,layers2,p0.3",7,11.191,14.041,600.3,27.9
FD003,lstm,mse,50,0.0005,"hid128,layers3,p0.2",7,41.906,40.284,21745.3,16.9
FD003,lstm,mse,30,0.0005,"hid128,layers3,p0.3",7,11.045,14.243,755.5,33.0
FD003,lstm,asym,50,0.0005,"hid128,layers3,p0.3",7,10.691,13.273,639.6,68.2
FD003,lstm,asym,30,0.0005,"hid160,layers1,p0.2",7,11.36,14.674,689.3,40.0
FD003,lstm,mse,50,0.0005,"hid160,layers1,p0.3",7,10.454,13.272,370.8,62.5
FD003,lstm,mse,30,0.0005,"hid160,layers2,p0.2",7,11.921,14.563,908.1,53.5
FD003,lstm,asym,50,0.0005,"hid160,layers2,p0.2",7,11.764,14.064,602.9,78.9
FD003,lstm,asym,30,0.0005,"hid160,layers2,p0.3",7,11.535,13.853,346.8,57.8
FD003,lstm,mse,50,0.0005,"hid160,layers3,p0.2",7,10.666,12.576,272.9,97.2
FD003,lstm,mse,30,0.0005,"hid160,layers3,p0.3",7,11.52,14.305,804.1,111.8
FD003,lstm,asym,50,0.0005,"hid160,layers3,p0.3",7,10.337,14.192,924.6,134.4
FD003,gru,asym,30,0.0005,"hid64,layers1,p0.2",7,15.016,18.009,1376.7,24.1
FD003,gru,mse,50,0.0005,"hid64,layers1,p0.3",7,15.7,18.61,1440.6,12.7
FD003,gru,mse,30,0.0005,"hid64,layers2,p0.2",7,11.135,13.31,309.5,19.5
FD003,gru,asym,50,0.0005,"hid64,layers2,p0.2",7,10.072,12.274,261.0,11.4
FD003,gru,asym,30,0.0005,"hid64,layers2,p0.3",7,11.271,12.887,280.5,17.7
FD003,gru,mse,50,0.0005,"hid64,layers3,p0.2",7,10.163,12.656,247.9,15.2
FD003,gru,mse,30,0.0005,"hid64,layers3,p0.3",7,11.106,12.775,300.9,18.4
FD003,gru,asym,50,0.0005,"hid64,layers3,p0.3",7,10.697,12.653,248.9,16.7
FD003,gru,asym,30,0.0005,"hid96,layers1,p0.2",7,13.371,16.148,959.2,26.6
FD003,gru,mse,50,0.0005,"hid96,layers1,p0.3",7,15.236,17.991,1479.7,23.1
FD003,gru,mse,30,0.0005,"hid96,layers2,p0.2",7,11.345,12.801,334.7,18.7
FD003,gru,asym,50,0.0005,"hid96,layers2,p0.2",7,10.451,12.328,247.0,17.4
FD003,gru,asym,30,0.0005,"hid96,layers2,p0.3",7,11.42,12.709,270.4,16.6
FD003,gru,mse,50,0.0005,"hid96,layers3,p0.2",7,10.179,12.267,266.4,21.7
FD003,gru,mse,30,0.0005,"hid96,layers3,p0.3",7,10.861,12.153,267.7,22.0
FD003,gru,asym,50,0.0005,"hid96,layers3,p0.3",7,10.167,12.107,239.4,19.0
FD003,gru,asym,30,0.0005,"hid128,layers1,p0.2",7,13.745,16.417,980.8,24.4
FD003,gru,mse,50,0.0005,"hid128,layers1,p0.3",7,11.342,13.791,500.5,23.4
FD003,gru,mse,30,0.0005,"hid128,layers2,p0.2",7,11.146,12.886,323.8,28.0
FD003,gru,asym,50,0.0005,"hid128,layers2,p0.2",7,10.101,12.445,268.0,22.8
FD003,gru,asym,30,0.0005,"hid128,layers2,p0.3",7,10.863,12.391,265.0,32.8
FD003,gru,mse,50,0.0005,"hid128,layers3,p0.2",7,10.069,12.437,282.2,27.7
FD003,gru,mse,30,0.0005,"hid128,layers3,p0.3",7,10.956,12.272,281.6,23.4
FD003,gru,asym,50,0.0005,"hid128,layers3,p0.3",7,10.205,12.546,262.2,26.2
FD003,bilstm,asym,30,0.0005,"hid64,layers1,p0.2",7,11.808,14.996,593.2,26.0
FD003,bilstm,mse,50,0.0005,"hid64,layers1,p0.3",7,11.172,13.601,677.9,27.1
FD003,bilstm,mse,30,0.0005,"hid64,layers2,p0.2",7,11.638,14.777,1033.9,17.2
FD003,bilstm,asym,50,0.0005,"hid64,layers2,p0.2",7,10.926,15.21,1084.5,15.9
FD003,bilstm,asym,30,0.0005,"hid64,layers2,p0.3",7,10.997,14.586,860.9,27.4
FD003,bilstm,mse,50,0.0005,"hid96,layers1,p0.2",7,10.793,13.608,443.8,20.4
FD003,bilstm,mse,30,0.0005,"hid96,layers1,p0.3",7,11.781,14.462,706.4,20.5
FD003,bilstm,asym,50,0.0005,"hid96,layers1,p0.3",7,11.004,13.202,335.6,27.5
FD003,bilstm,asym,30,0.0005,"hid96,layers2,p0.2",7,11.172,13.567,763.5,18.6
FD003,bilstm,mse,50,0.0005,"hid96,layers2,p0.3",7,10.292,13.873,970.5,31.5
FD003,bilstm,mse,30,0.0005,"hid128,layers1,p0.2",7,12.036,14.311,563.2,28.7
FD003,bilstm,asym,50,0.0005,"hid128,layers1,p0.2",7,11.179,13.151,293.7,48.4
FD003,bilstm,asym,30,0.0005,"hid128,layers1,p0.3",7,11.747,14.451,579.9,32.4
FD003,bilstm,mse,50,0.0005,"hid128,layers2,p0.2",7,11.371,14.499,540.7,55.0
FD003,bilstm,mse,30,0.0005,"hid128,layers2,p0.3",7,10.93,13.753,458.6,36.7
FD003,bilstm,asym,50,0.0005,"hid128,layers2,p0.3",7,11.253,14.345,537.7,49.6
FD003,cnnlstm,asym,30,0.0005,"ch32,hid64,p0.2",7,11.673,13.108,508.5,33.3
FD003,cnnlstm,mse,50,0.0005,"ch32,hid64,p0.3",7,11.176,14.507,733.0,22.8
FD003,cnnlstm,mse,30,0.0005,"ch32,hid96,p0.2",7,12.162,14.305,965.0,23.2
FD003,cnnlstm,asym,50,0.0005,"ch32,hid96,p0.2",7,11.586,13.507,743.7,20.5
FD003,cnnlstm,asym,30,0.0005,"ch32,hid96,p0.3",7,11.265,12.959,411.2,28.7
FD003,cnnlstm,mse,50,0.0005,"ch32,hid128,p0.2",7,10.989,14.253,1009.9,23.7
FD003,cnnlstm,mse,30,0.0005,"ch32,hid128,p0.3",7,12.044,14.261,935.7,22.6
FD003,cnnlstm,asym,50,0.0005,"ch32,hid128,p0.3",7,10.638,13.747,603.2,25.1
FD003,cnnlstm,asym,30,0.0005,"ch64,hid64,p0.2",7,12.178,13.762,657.4,18.7
FD003,cnnlstm,mse,50,0.0005,"ch64,hid64,p0.3",7,11.534,14.69,1001.0,16.7
FD003,cnnlstm,mse,30,0.0005,"ch64,hid96,p0.2",7,11.861,12.226,723.4,18.5
FD003,cnnlstm,asym,50,0.0005,"ch64,hid96,p0.2",7,11.212,12.864,706.2,15.2
FD003,cnnlstm,asym,30,0.0005,"ch64,hid96,p0.3",7,11.86,11.487,463.1,19.7
FD003,cnnlstm,mse,50,0.0005,"ch64,hid128,p0.2",7,10.913,12.623,646.7,22.7
FD003,cnnlstm,mse,30,0.0005,"ch64,hid128,p0.3",7,11.991,15.161,908.8,17.6
FD003,cnnlstm,asym,50,0.0005,"ch64,hid128,p0.3",7,10.875,12.479,727.0,21.2
FD003,tcn,asym,30,0.0005,"ch32,levels3,p0.1",7,12.574,14.289,495.5,23.0
FD003,tcn,mse,50,0.0005,"ch32,levels3,p0.2",7,12.204,15.077,773.0,40.6
FD003,tcn,mse,30,0.0005,"ch32,levels4,p0.1",7,13.085,14.714,654.7,21.2
FD003,tcn,asym,50,0.0005,"ch32,levels4,p0.1",7,11.996,14.607,591.2,21.0
FD003,tcn,asym,30,0.0005,"ch32,levels4,p0.2",7,12.695,14.465,531.0,32.9
FD003,tcn,mse,50,0.0005,"ch32,levels5,p0.1",7,11.446,15.536,901.6,25.4
FD003,tcn,mse,30,0.0005,"ch32,levels5,p0.2",7,12.116,14.996,732.9,40.3
FD003,tcn,asym,50,0.0005,"ch32,levels5,p0.2",7,11.252,14.362,601.9,30.3
FD003,tcn,asym,30,0.0005,"ch32,levels6,p0.1",7,12.652,13.964,605.3,37.1
FD003,tcn,mse,50,0.0005,"ch32,levels6,p0.2",7,11.045,13.663,474.2,53.5
FD003,tcn,mse,30,0.0005,"ch64,levels3,p0.1",7,12.574,15.615,747.6,17.4
FD003,tcn,asym,50,0.0005,"ch64,levels3,p0.1",7,11.652,14.824,482.0,23.4
FD003,tcn,asym,30,0.0005,"ch64,levels3,p0.2",7,12.782,14.793,492.1,23.5
FD003,tcn,mse,50,0.0005,"ch64,levels4,p0.1",7,11.981,14.752,684.3,20.4
FD003,tcn,mse,30,0.0005,"ch64,levels4,p0.2",7,12.692,15.911,891.0,27.6
FD003,tcn,asym,50,0.0005,"ch64,levels4,p0.2",7,11.378,14.408,662.3,21.3
FD003,tcn,asym,30,0.0005,"ch64,levels5,p0.1",7,12.699,15.351,697.7,25.7
FD003,tcn,mse,50,0.0005,"ch64,levels5,p0.2",7,12.13,15.123,772.2,23.7
FD003,tcn,mse,30,0.0005,"ch64,levels6,p0.1",7,12.924,14.57,943.1,25.6
FD003,tcn,asym,50,0.0005,"ch64,levels6,p0.1",7,11.646,14.087,571.5,29.1
FD003,tcn,asym,30,0.0005,"ch64,levels6,p0.2",7,12.03,14.685,880.2,30.5
FD003,tcn,mse,50,0.0005,"ch96,levels3,p0.1",7,12.808,15.893,847.6,22.9
FD003,tcn,mse,30,0.0005,"ch96,levels3,p0.2",7,12.387,15.024,812.2,27.3
FD003,tcn,asym,50,0.0005,"ch96,levels3,p0.2",7,12.542,15.443,748.8,22.1
FD003,tcn,asym,30,0.0005,"ch96,levels4,p0.1",7,12.016,14.233,490.0,25.1
FD003,tcn,mse,50,0.0005,"ch96,levels4,p0.2",7,12.413,15.464,821.2,29.1
FD003,tcn,mse,30,0.0005,"ch96,levels5,p0.1",7,13.488,15.828,927.9,25.4
FD003,tcn,asym,50,0.0005,"ch96,levels5,p0.1",7,12.469,16.082,981.4,22.1
FD003,tcn,asym,30,0.0005,"ch96,levels5,p0.2",7,11.726,14.503,725.2,24.7
FD003,tcn,mse,50,0.0005,"ch96,levels6,p0.1",7,11.687,13.806,598.0,33.0
FD003,tcn,mse,30,0.0005,"ch96,levels6,p0.2",7,12.855,16.757,1119.2,30.8
FD003,tcn,asym,50,0.0005,"ch96,levels6,p0.2",7,12.222,14.178,805.9,27.7
FD003,dlinear,mse,30,0.0005,kernel25,7,19.627,18.805,876.4,45.0
FD003,dlinear,mse,50,0.0005,kernel35,7,18.255,15.865,388.4,41.6
FD003,patchtst,asym,30,0.0005,"patch10,stride5,d_model64,layers2,revinTrue",7,13.12,15.248,681.7,128.0
FD003,patchtst,mse,50,0.0005,"patch10,stride5,d_model64,layers2,revinFalse",7,10.131,12.455,350.3,157.5
FD003,patchtst,mse,30,0.0005,"patch10,stride5,d_model64,layers3,revinTrue",7,13.379,15.502,807.7,169.6
FD003,patchtst,asym,50,0.0005,"patch10,stride5,d_model64,layers3,revinTrue",7,11.493,13.673,341.4,139.9
FD003,patchtst,asym,30,0.0005,"patch10,stride5,d_model64,layers3,revinFalse",7,10.492,12.134,266.4,145.1
FD003,patchtst,mse,50,0.0005,"patch10,stride5,d_model128,layers2,revinTrue",7,12.011,14.117,385.2,94.9
FD003,patchtst,mse,30,0.0005,"patch10,stride5,d_model128,layers2,revinFalse",7,12.398,14.305,630.8,84.0
FD003,patchtst,asym,50,0.0005,"patch10,stride5,d_model128,layers2,revinFalse",7,10.223,11.795,260.1,86.4
FD003,patchtst,asym,30,0.0005,"patch10,stride5,d_model128,layers3,revinTrue",7,13.475,15.228,764.5,121.7
FD003,patchtst,mse,50,0.0005,"patch10,stride5,d_model128,layers3,revinFalse",7,9.936,11.566,241.5,110.8
FD004,cnn,mse,30,0.0005,"ch32,k3,poolavg,p0.2",7,19.427,21.086,3536.5,44.3
FD004,cnn,asym,50,0.0005,"ch32,k3,poolavg,p0.2",7,21.148,25.964,7317.2,39.8
FD004,cnn,asym,30,0.0005,"ch32,k3,poolavg,p0.3",7,19.169,21.275,3930.9,34.3
FD004,cnn,mse,50,0.0005,"ch32,k3,poolmax,p0.2",7,24.782,27.63,8569.2,25.1
FD004,cnn,mse,30,0.0005,"ch32,k3,poolmax,p0.3",7,19.987,22.25,4056.9,24.7
FD004,cnn,asym,50,0.0005,"ch32,k3,poolmax,p0.3",7,24.77,27.563,8462.3,25.0
FD004,cnn,asym,30,0.0005,"ch32,k5,poolavg,p0.2",7,18.058,18.265,2146.3,89.8
FD004,cnn,mse,50,0.0005,"ch32,k5,poolavg,p0.3",7,18.704,21.259,5841.7,78.6
FD004,cnn,mse,30,0.0005,"ch32,k5,poolmax,p0.2",7,17.011,17.779,1769.4,70.6
FD004,cnn,asym,50,0.0005,"ch32,k5,poolmax,p0.2",7,18.777,18.851,1656.5,49.2
FD004,cnn,asym,30,0.0005,"ch32,k5,poolmax,p0.3",7,17.886,18.801,1820.5,75.2
FD004,cnn,mse,50,0.0005,"ch32,k7,poolavg,p0.2",7,17.545,18.877,2124.7,36.6
FD004,cnn,mse,30,0.0005,"ch32,k7,poolavg,p0.3",7,17.154,17.817,1708.8,45.2
FD004,cnn,asym,50,0.0005,"ch32,k7,poolavg,p0.3",7,17.649,18.172,1873.9,35.8
FD004,cnn,asym,30,0.0005,"ch32,k7,poolmax,p0.2",7,17.123,17.36,1476.6,38.9
FD004,cnn,mse,50,0.0005,"ch32,k7,poolmax,p0.3",7,24.678,28.013,12548.2,49.1
FD004,cnn,mse,30,0.0005,"ch64,k3,poolavg,p0.2",7,19.156,21.668,9171.2,29.5
FD004,cnn,asym,50,0.0005,"ch64,k3,poolavg,p0.2",7,19.939,25.272,57532.1,40.7
FD004,cnn,asym,30,0.0005,"ch64,k3,poolavg,p0.3",7,18.665,21.619,3224.6,38.7
FD004,cnn,mse,50,0.0005,"ch64,k3,poolmax,p0.2",7,24.492,27.898,9478.4,25.1
FD004,cnn,mse,30,0.0005,"ch64,k3,poolmax,p0.3",7,20.278,23.308,4770.8,21.3
FD004,cnn,asym,50,0.0005,"ch64,k3,poolmax,p0.3",7,24.988,27.864,10809.3,27.7
FD004,cnn,asym,30,0.0005,"ch64,k5,poolavg,p0.2",7,17.47,19.504,2469.9,37.1
FD004,cnn,mse,50,0.0005,"ch64,k5,poolavg,p0.3",7,17.986,18.965,2345.0,33.3
FD004,cnn,mse,30,0.0005,"ch64,k5,poolmax,p0.2",7,16.964,18.314,1985.5,30.2
FD004,cnn,asym,50,0.0005,"ch64,k5,poolmax,p0.2",7,23.337,24.804,4680.5,29.5
FD004,cnn,asym,30,0.0005,"ch64,k5,poolmax,p0.3",7,17.575,19.211,2046.2,33.6
FD004,cnn,mse,50,0.0005,"ch64,k7,poolavg,p0.2",7,17.58,17.553,1994.2,30.7
FD004,cnn,mse,30,0.0005,"ch64,k7,poolavg,p0.3",7,17.306,17.03,1539.1,32.1
FD004,cnn,asym,50,0.0005,"ch64,k7,poolavg,p0.3",7,18.08,17.761,1830.1,21.2
FD004,cnn,asym,30,0.0005,"ch64,k7,poolmax,p0.2",7,17.381,17.882,1576.0,27.0
FD004,cnn,mse,50,0.0005,"ch64,k7,poolmax,p0.3",7,17.076,16.441,1192.8,26.7
FD004,cnn,mse,30,0.0005,"ch96,k3,poolavg,p0.2",7,18.314,20.991,3156.2,23.8
FD004,cnn,asym,50,0.0005,"ch96,k3,poolavg,p0.2",7,20.498,25.551,7786.7,26.7
FD004,cnn,asym,30,0.0005,"ch96,k3,poolavg,p0.3",7,18.724,21.541,3363.9,26.4
FD004,cnn,mse,50,0.0005,"ch96,k3,poolmax,p0.2",7,23.46,27.191,6366.6,25.2
FD004,cnn,mse,30,0.0005,"ch96,k3,poolmax,p0.3",7,19.806,21.522,3220.5,19.0
FD004,cnn,asym,50,0.0005,"ch96,k3,poolmax,p0.3",7,23.697,28.498,8159.1,24.6
FD004,cnn,asym,30,0.0005,"ch96,k5,poolavg,p0.2",7,17.824,19.545,3215.3,19.9
FD004,cnn,mse,50,0.0005,"ch96,k5,poolavg,p0.3",7,18.767,20.356,2415.8,28.9
FD004,cnn,mse,30,0.0005,"ch96,k5,poolmax,p0.2",7,16.909,17.518,1559.1,21.9
FD004,cnn,asym,50,0.0005,"ch96,k5,poolmax,p0.2",7,20.772,21.945,3071.3,21.8
FD004,cnn,asym,30,0.0005,"ch96,k5,poolmax,p0.3",7,17.702,19.485,2205.2,26.1
FD004,cnn,mse,50,0.0005,"ch96,k7,poolavg,p0.2",7,18.572,19.464,2002.9,28.4
FD004,cnn,mse,30,0.0005,"ch96,k7,poolavg,p0.3",7,17.067,17.521,1666.5,18.4
FD004,cnn,asym,50,0.0005,"ch96,k7,poolavg,p0.3",7,18.548,18.434,2004.9,19.0
FD004,cnn,asym,30,0.0005,"ch96,k7,poolmax,p0.2",7,17.7,18.017,1766.9,25.0
FD004,cnn,mse,50,0.0005,"ch96,k7,poolmax,p0.3",7,17.075,17.862,2464.8,23.4
FD004,cnn,mse,30,0.0005,"ch128,k3,poolavg,p0.2",7,18.666,21.516,4546.2,23.3
FD004,cnn,asym,50,0.0005,"ch128,k3,poolavg,p0.2",7,19.924,24.838,22177.2,31.7
FD004,cnn,asym,30,0.0005,"ch128,k3,poolavg,p0.3",7,19.703,22.075,2650.4,28.3
FD004,cnn,mse,50,0.0005,"ch128,k3,poolmax,p0.2",7,22.815,26.863,7159.2,35.1
FD004,cnn,mse,30,0.0005,"ch128,k3,poolmax,p0.3",7,19.493,22.373,4521.3,27.3
FD004,cnn,asym,50,0.0005,"ch128,k3,poolmax,p0.3",7,23.235,27.161,8673.8,35.9
FD004,cnn,asym,30,0.0005,"ch128,k5,poolavg,p0.2",7,18.356,18.864,2565.3,21.6
FD004,cnn,mse,50,0.0005,"ch128,k5,poolavg,p0.3",7,19.327,20.114,4622.5,25.6
FD004,cnn,mse,30,0.0005,"ch128,k5,poolmax,p0.2",7,17.647,18.361,2080.3,26.1
FD004,cnn,asym,50,0.0005,"ch128,k5,poolmax,p0.2",7,20.758,22.266,3043.9,26.8
FD004,cnn,asym,30,0.0005,"ch128,k5,poolmax,p0.3",7,18.01,19.332,2045.5,21.6
FD004,cnn,mse,50,0.0005,"ch128,k7,poolavg,p0.2",7,18.698,18.925,1832.5,19.5
FD004,cnn,mse,30,0.0005,"ch128,k7,poolavg,p0.3",7,17.476,17.944,1872.4,20.9
FD004,cnn,asym,50,0.0005,"ch128,k7,poolavg,p0.3",7,19.076,18.194,1493.7,27.0
FD004,cnn,asym,30,0.0005,"ch128,k7,poolmax,p0.2",7,16.778,17.424,1655.7,22.9
FD004,cnn,mse,50,0.0005,"ch128,k7,poolmax,p0.3",7,16.5,15.798,1182.3,29.7
FD004,lstm,mse,30,0.0005,"hid64,layers1,p0.2",7,15.429,14.559,1042.9,51.1
FD004,lstm,asym,50,0.0005,"hid64,layers1,p0.2",7,15.002,14.16,960.1,39.2
FD004,lstm,asym,30,0.0005,"hid64,layers1,p0.3",7,16.494,15.547,981.6,33.9
FD004,lstm,mse,50,0.0005,"hid64,layers2,p0.2",7,15.103,13.726,940.0,54.8
FD004,lstm,mse,30,0.0005,"hid64,layers2,p0.3",7,15.723,13.653,865.3,52.2
FD004,lstm,asym,50,0.0005,"hid64,layers2,p0.3",7,15.7,13.301,764.0,49.8
FD004,lstm,asym,30,0.0005,"hid64,layers3,p0.2",7,16.069,14.772,955.6,28.8
FD004,lstm,mse,50,0.0005,"hid64,layers3,p0.3",7,15.901,14.146,982.6,52.3
FD004,lstm,mse,30,0.0005,"hid96,layers1,p0.2",7,15.894,14.198,1045.2,48.5
FD004,lstm,asym,50,0.0005,"hid96,layers1,p0.2",7,15.016,13.345,893.2,28.0
FD004,lstm,asym,30,0.0005,"hid96,layers1,p0.3",7,16.071,14.318,940.2,52.6
FD004,lstm,mse,50,0.0005,"hid96,layers2,p0.2",7,15.305,13.074,889.8,35.4
FD004,lstm,mse,30,0.0005,"hid96,layers2,p0.3",7,16.071,13.715,897.9,43.8
FD004,lstm,asym,50,0.0005,"hid96,layers2,p0.3",7,15.608,14.471,1047.7,34.2
FD004,lstm,asym,30,0.0005,"hid96,layers3,p0.2",7,16.132,14.579,954.5,55.3
FD004,lstm,mse,50,0.0005,"hid96,layers3,p0.3",7,15.416,13.194,880.1,40.3
FD004,lstm,mse,30,0.0005,"hid128,layers1,p0.2",7,15.644,14.195,935.1,56.6
FD004,lstm,asym,50,0.0005,"hid128,layers1,p0.2",7,15.15,13.182,822.4,51.1
FD004,lstm,asym,30,0.0005,"hid128,layers1,p0.3",7,16.061,14.713,934.6,33.0
FD004,lstm,mse,50,0.0005,"hid128,layers2,p0.2",7,15.467,13.928,888.5,69.0
FD004,lstm,mse,30,0.0005,"hid128,layers2,p0.3",7,15.986,14.484,1012.9,83.3
FD004,lstm,asym,50,0.0005,"hid128,layers2,p0.3",7,15.676,13.614,890.9,65.5
FD004,lstm,asym,30,0.0005,"hid128,layers3,p0.2",7,15.719,14.285,923.6,53.3
FD004,lstm,mse,50,0.0005,"hid128,layers3,p0.3",7,15.378,13.18,921.6,74.5
FD004,lstm,mse,30,0.0005,"hid160,layers1,p0.2",7,15.832,14.721,1200.3,110.5
FD004,lstm,asym,50,0.0005,"hid160,layers1,p0.2",7,15.019,13.548,813.6,75.8
FD004,lstm,asym,30,0.0005,"hid160,layers1,p0.3",7,15.912,14.71,925.0,86.9
FD004,lstm,mse,50,0.001,"hid160,layers2,p0.2",42,14.978,13.378,815.7,126.3
FD004,lstm,asym,50,0.001,"hid160,layers2,p0.2",7,15.531,13.467,914.8,150.3
FD004,lstm,mse,50,0.0005,"hid160,layers2,p0.3",42,15.619,13.557,948.7,178.4
FD004,lstm,asym,50,0.0005,"hid160,layers2,p0.3",7,15.931,13.941,917.9,159.7
FD004,lstm,asym,30,0.001,"hid160,layers3,p0.2",42,15.702,14.009,939.5,204.6
FD004,lstm,mse,30,0.001,"hid160,layers3,p0.3",7,41.375,44.116,98820.3,80.8
FD004,lstm,asym,30,0.0005,"hid160,layers3,p0.3",42,16.184,14.653,1010.2,185.4
FD004,gru,mse,30,0.0005,"hid64,layers1,p0.2",7,15.806,14.445,1032.1,59.2
FD004,gru,asym,50,0.001,"hid64,layers1,p0.2",42,15.722,13.298,871.6,38.9
FD004,gru,mse,50,0.001,"hid64,layers1,p0.3",7,15.128,13.22,861.6,32.8
FD004,gru,asym,50,0.0005,"hid64,layers1,p0.3",42,16.392,14.918,945.1,63.4
FD004,gru,mse,50,0.0005,"hid64,layers2,p0.2",7,14.845,13.185,859.2,28.3
FD004,gru,mse,30,0.001,"hid64,layers2,p0.3",42,15.778,14.062,950.0,24.0
FD004,gru,asym,30,0.001,"hid64,layers2,p0.3",7,16.403,13.981,890.6,28.7
FD004,gru,mse,30,0.0005,"hid64,layers3,p0.2",42,16.086,14.191,1052.1,39.5
FD004,gru,asym,30,0.0005,"hid64,layers3,p0.2",7,16.025,14.494,993.8,30.1
FD004,gru,mse,50,0.001,"hid64,layers3,p0.3",42,14.941,12.826,836.2,34.0
FD004,gru,asym,50,0.001,"hid64,layers3,p0.3",7,15.86,13.166,861.4,25.9
FD004,gru,mse,50,0.0005,"hid96,layers1,p0.2",42,14.858,12.985,818.8,36.0
FD004,gru,asym,50,0.0005,"hid96,layers1,p0.2",7,15.731,13.731,877.5,72.9
FD004,gru,asym,30,0.001,"hid96,layers1,p0.3",42,15.848,14.6,911.1,73.0
FD004,gru,mse,30,0.001,"hid96,layers2,p0.2",7,15.631,14.493,1250.7,50.4
FD004,gru,asym,30,0.0005,"hid96,layers2,p0.2",42,16.116,14.132,936.6,54.4
FD004,gru,mse,30,0.0005,"hid96,layers2,p0.3",7,15.859,14.251,1019.2,49.4
FD004,gru,asym,50,0.001,"hid96,layers2,p0.3",42,15.849,13.263,855.7,67.6
FD004,gru,mse,50,0.001,"hid96,layers3,p0.2",7,16.946,14.876,1288.7,60.7
FD004,gru,asym,50,0.0005,"hid96,layers3,p0.2",42,15.365,13.346,845.8,57.0
FD004,gru,mse,50,0.0005,"hid96,layers3,p0.3",7,15.718,13.958,1059.1,40.8
FD004,gru,mse,30,0.001,"hid128,layers1,p0.2",42,15.819,14.709,1056.6,70.5
FD004,gru,asym,30,0.001,"hid128,layers1,p0.2",7,17.164,16.051,1260.6,96.6
FD004,gru,mse,30,0.0005,"hid128,layers1,p0.3",42,16.14,14.737,1123.9,56.2
FD004,gru,asym,30,0.0005,"hid128,layers1,p0.3",7,16.702,15.233,1123.6,62.0
FD004,gru,mse,50,0.001,"hid128,layers2,p0.2",42,15.288,12.967,831.2,40.5
FD004,gru,asym,50,0.001,"hid128,layers2,p0.2",7,14.887,13.293,751.3,48.9
FD004,gru,mse,50,0.0005,"hid128,layers2,p0.3",42,14.86,13.114,836.9,109.6
FD004,gru,asym,50,0.0005,"hid128,layers2,p0.3",7,15.06,12.898,826.9,61.7
FD004,gru,asym,30,0.001,"hid128,layers3,p0.2",42,16.005,14.513,912.8,45.3
FD004,gru,mse,30,0.001,"hid128,layers3,p0.3",7,16.002,13.999,997.7,43.3
FD004,gru,asym,30,0.0005,"hid128,layers3,p0.3",42,16.266,14.582,994.0,79.3
FD004,bilstm,mse,30,0.0005,"hid64,layers1,p0.2",7,15.967,14.459,993.2,72.8
FD004,bilstm,asym,50,0.001,"hid64,layers1,p0.2",42,15.088,13.431,842.2,50.1
FD004,bilstm,mse,50,0.001,"hid64,layers1,p0.3",7,14.624,12.611,715.5,53.0
FD004,bilstm,asym,50,0.0005,"hid64,layers1,p0.3",42,15.314,13.231,748.7,61.0
FD004,bilstm,mse,50,0.0005,"hid64,layers2,p0.2",7,15.006,13.268,823.2,66.4
FD004,bilstm,mse,30,0.001,"hid64,layers2,p0.3",42,15.521,14.41,1141.7,37.4
FD004,bilstm,asym,30,0.001,"hid64,layers2,p0.3",7,15.916,14.175,952.2,37.6
FD004,bilstm,mse,30,0.0005,"hid96,layers1,p0.2",42,15.943,14.535,965.2,56.8
FD004,bilstm,asym,30,0.0005,"hid96,layers1,p0.2",7,16.031,14.32,835.5,62.0
FD004,bilstm,mse,50,0.001,"hid96,layers1,p0.3",42,14.9,12.991,876.5,72.3
FD004,bilstm,asym,50,0.001,"hid96,layers1,p0.3",7,15.005,13.153,740.5,51.5
FD004,bilstm,mse,50,0.0005,"hid96,layers2,p0.2",42,14.978,13.572,893.3,63.2
FD004,bilstm,asym,50,0.0005,"hid96,layers2,p0.2",7,15.205,13.473,891.1,68.4
FD004,bilstm,asym,30,0.001,"hid96,layers2,p0.3",42,15.805,14.735,1044.8,69.1
FD004,bilstm,mse,30,0.001,"hid128,layers1,p0.2",7,15.446,14.362,971.5,82.0
FD004,bilstm,asym,30,0.0005,"hid128,layers1,p0.2",42,15.743,14.246,949.8,85.3
FD004,bilstm,mse,30,0.0005,"hid128,layers1,p0.3",7,15.523,14.159,898.4,92.6
FD004,bilstm,asym,50,0.001,"hid128,layers1,p0.3",42,15.387,13.503,876.6,57.4
FD004,bilstm,mse,50,0.001,"hid128,layers2,p0.2",7,14.66,13.473,1118.5,89.8
FD004,bilstm,asym,50,0.0005,"hid128,layers2,p0.2",42,15.436,13.447,914.7,105.8
FD004,bilstm,mse,50,0.0005,"hid128,layers2,p0.3",7,15.335,13.548,957.0,89.6
FD004,cnnlstm,mse,30,0.001,"ch32,hid64,p0.2",42,16.149,14.445,1100.0,60.3
FD004,cnnlstm,asym,30,0.001,"ch32,hid64,p0.2",7,15.906,14.024,835.8,45.1
FD004,cnnlstm,mse,30,0.0005,"ch32,hid64,p0.3",42,16.474,16.33,1321.2,62.1
FD004,cnnlstm,asym,30,0.0005,"ch32,hid64,p0.3",7,16.411,14.912,918.4,44.6
FD004,cnnlstm,mse,50,0.001,"ch32,hid96,p0.2",42,15.295,12.934,872.6,44.2
FD004,cnnlstm,asym,50,0.001,"ch32,hid96,p0.2",7,15.192,13.169,750.1,42.1
FD004,cnnlstm,mse,50,0.0005,"ch32,hid96,p0.3",42,15.747,14.392,868.8,46.7
FD004,cnnlstm,asym,50,0.0005,"ch32,hid96,p0.3",7,16.313,14.472,875.8,46.8
FD004,cnnlstm,asym,30,0.001,"ch32,hid128,p0.2",42,16.388,15.113,1007.1,44.6
FD004,cnnlstm,mse,30,0.001,"ch32,hid128,p0.3",7,15.947,14.568,1184.1,45.5
FD004,cnnlstm,asym,30,0.0005,"ch32,hid128,p0.3",42,16.108,15.253,973.2,63.2
FD004,cnnlstm,mse,30,0.0005,"ch64,hid64,p0.2",7,17.127,15.612,1401.5,34.4
FD004,cnnlstm,asym,50,0.001,"ch64,hid64,p0.2",42,16.198,15.567,1217.2,33.4
FD004,cnnlstm,mse,50,0.001,"ch64,hid64,p0.3",7,15.505,14.498,989.5,25.6
FD004,cnnlstm,asym,50,0.0005,"ch64,hid64,p0.3",42,17.103,14.804,1010.6,32.3
FD004,cnnlstm,mse,50,0.0005,"ch64,hid96,p0.2",7,15.935,14.117,842.0,31.6
FD004,cnnlstm,mse,30,0.001,"ch64,hid96,p0.3",42,15.96,15.39,1238.6,32.0
FD004,cnnlstm,asym,30,0.001,"ch64,hid96,p0.3",7,16.194,15.586,1515.0,33.9
FD004,cnnlstm,mse,30,0.0005,"ch64,hid128,p0.2",42,16.533,15.474,1098.3,33.6
FD004,cnnlstm,asym,30,0.0005,"ch64,hid128,p0.2",7,16.322,14.513,866.2,40.3
FD004,cnnlstm,mse,50,0.001,"ch64,hid128,p0.3",42,15.506,12.76,804.6,40.3
FD004,cnnlstm,asym,50,0.001,"ch64,hid128,p0.3",7,15.63,13.047,883.7,40.1
FD004,tcn,mse,50,0.0005,"ch32,levels3,p0.1",42,17.28,16.084,1442.2,42.3
FD004,tcn,asym,50,0.0005,"ch32,levels3,p0.1",7,16.903,16.316,1150.5,43.1
FD004,tcn,asym,30,0.001,"ch32,levels3,p0.2",42,17.049,17.052,1530.2,49.9
FD004,tcn,mse,30,0.001,"ch32,levels4,p0.1",7,16.866,15.787,1400.9,39.4
FD004,tcn,asym,30,0.0005,"ch32,levels4,p0.1",42,16.614,15.725,1255.0,43.4
FD004,tcn,mse,30,0.0005,"ch32,levels4,p0.2",7,16.424,16.033,1582.1,59.9
FD004,tcn,asym,50,0.001,"ch32,levels4,p0.2",42,15.95,13.943,991.1,63.6
FD004,tcn,mse,50,0.001,"ch32,levels5,p0.1",7,15.86,14.336,911.9,36.8
FD004,tcn,asym,50,0.0005,"ch32,levels5,p0.1",42,16.172,14.022,980.5,49.6
FD004,tcn,mse,50,0.0005,"ch32,levels5,p0.2",7,16.226,13.628,1008.7,80.9
FD004,tcn,mse,30,0.001,"ch32,levels6,p0.1",42,16.755,16.763,1576.3,64.4
FD004,tcn,asym,30,0.001,"ch32,levels6,p0.1",7,16.543,15.037,1315.2,59.1
FD004,tcn,mse,30,0.0005,"ch32,levels6,p0.2",42,16.821,16.15,1716.5,95.9
FD004,tcn,asym,30,0.0005,"ch32,levels6,p0.2",7,17.095,15.661,1319.0,83.2
FD004,tcn,mse,50,0.001,"ch64,levels3,p0.1",42,16.915,15.79,1567.3,48.8
FD004,tcn,asym,50,0.001,"ch64,levels3,p0.1",7,17.111,16.443,1142.6,46.1
FD004,tcn,mse,50,0.0005,"ch64,levels3,p0.2",42,17.067,15.633,1212.0,78.9
FD004,tcn,asym,50,0.0005,"ch64,levels3,p0.2",7,16.826,15.826,1102.9,70.3
FD004,tcn,asym,30,0.001,"ch64,levels4,p0.1",42,16.88,16.783,1293.9,41.9
FD004,tcn,mse,30,0.001,"ch64,levels4,p0.2",7,16.198,15.452,1025.8,52.8
FD004,tcn,asym,30,0.0005,"ch64,levels4,p0.2",42,16.787,15.797,1258.8,58.8
FD004,tcn,mse,30,0.0005,"ch64,levels5,p0.1",7,16.563,15.671,1278.7,40.6
FD004,tcn,asym,50,0.001,"ch64,levels5,p0.1",42,15.837,13.991,847.2,44.0
FD004,tcn,mse,50,0.001,"ch64,levels5,p0.2",7,16.48,15.056,1526.6,61.2
FD004,tcn,asym,50,0.0005,"ch64,levels5,p0.2",42,16.197,14.159,1001.3,45.4
FD004,tcn,mse,50,0.0005,"ch64,levels6,p0.1",7,16.664,14.964,1281.7,42.6
FD004,tcn,mse,30,0.001,"ch64,levels6,p0.2",42,16.883,16.929,2352.3,55.7
FD004,tcn,asym,30,0.001,"ch64,levels6,p0.2",7,16.447,15.598,1241.4,34.6
FD004,tcn,mse,30,0.0005,"ch96,levels3,p0.1",42,16.966,16.115,1460.4,40.6
FD004,tcn,asym,30,0.0005,"ch96,levels3,p0.1",7,17.009,16.308,1315.1,42.7
FD004,tcn,mse,50,0.001,"ch96,levels3,p0.2",42,17.366,16.359,1567.1,38.9
FD004,tcn,asym,50,0.001,"ch96,levels3,p0.2",7,17.128,16.224,1359.4,33.1
FD004,tcn,mse,50,0.0005,"ch96,levels4,p0.1",42,16.01,15.307,1140.2,43.1
FD004,tcn,asym,50,0.0005,"ch96,levels4,p0.1",7,16.433,14.676,1069.7,45.8
FD004,tcn,asym,30,0.001,"ch96,levels4,p0.2",42,16.581,15.745,1239.1,34.2
FD004,tcn,mse,30,0.001,"ch96,levels5,p0.1",7,17.043,15.558,1156.6,37.8
FD004,tcn,asym,30,0.0005,"ch96,levels5,p0.1",42,16.622,15.997,1274.6,37.4
FD004,tcn,mse,30,0.0005,"ch96,levels5,p0.2",7,17.07,15.948,1471.1,42.9
FD004,tcn,asym,50,0.001,"ch96,levels5,p0.2",42,15.965,14.598,1227.1,47.6
FD004,tcn,mse,50,0.001,"ch96,levels6,p0.1",7,16.441,14.619,1331.1,43.9
FD004,tcn,asym,50,0.0005,"ch96,levels6,p0.1",42,16.837,15.294,1031.4,54.5
FD004,tcn,mse,50,0.0005,"ch96,levels6,p0.2",7,15.766,14.035,988.1,60.2
FD004,dlinear,mse,30,0.001,kernel15,42,16.687,15.615,1116.6,70.2
FD004,dlinear,mse,30,0.001,kernel25,7,16.496,16.026,1215.2,50.1
FD004,dlinear,mse,30,0.0005,kernel35,42,19.22,17.045,1400.3,49.2
FD004,patchtst,mse,30,0.0005,"patch10,stride5,d_model64,layers2,revinTrue",42,18.941,16.933,1658.9,174.0
FD004,patchtst,asym,30,0.001,"patch10,stride5,d_model64,layers2,revinTrue",42,18.882,17.208,1865.5,76.0
FD004,patchtst,asym,50,0.0005,"patch10,stride5,d_model64,layers2,revinTrue",42,18.346,19.706,2558.9,114.2
FD004,patchtst,mse,50,0.001,"patch10,stride5,d_model64,layers2,revinFalse",42,16.802,14.013,1051.6,74.7
FD004,patchtst,asym,30,0.0005,"patch10,stride5,d_model64,layers2,revinFalse",42,16.139,13.996,1028.3,120.4
FD004,patchtst,mse,30,0.001,"patch10,stride5,d_model64,layers3,revinTrue",42,19.049,17.623,1785.3,126.2
FD004,patchtst,mse,50,0.0005,"patch10,stride5,d_model64,layers3,revinTrue",42,18.293,18.781,1719.3,155.5
FD004,patchtst,asym,50,0.001,"patch10,stride5,d_model64,layers3,revinTrue",42,18.327,20.694,4169.4,117.3
FD004,patchtst,mse,30,0.0005,"patch10,stride5,d_model64,layers3,revinFalse",42,16.255,14.096,1122.2,68.4
FD004,patchtst,asym,30,0.001,"patch10,stride5,d_model64,layers3,revinFalse",42,16.082,14.3,1121.4,63.3
FD004,patchtst,asym,50,0.0005,"patch10,stride5,d_model64,layers3,revinFalse",42,16.96,13.866,995.5,50.5
FD004,patchtst,mse,50,0.001,"patch10,stride5,d_model128,layers2,revinTrue",42,19.747,20.623,4897.2,33.5
FD004,patchtst,asym,30,0.0005,"patch10,stride5,d_model128,layers2,revinTrue",42,19.325,17.232,1945.4,47.0
FD004,patchtst,mse,30,0.001,"patch10,stride5,d_model128,layers2,revinFalse",42,16.758,14.849,1284.1,44.1
FD004,patchtst,mse,50,0.0005,"patch10,stride5,d_model128,layers2,revinFalse",42,16.846,14.148,1115.5,55.4
FD004,patchtst,asym,50,0.001,"patch10,stride5,d_model128,layers2,revinFalse",42,17.527,13.852,906.4,34.9
FD004,patchtst,mse,30,0.0005,"patch10,stride5,d_model128,layers3,revinTrue",42,19.46,17.441,1800.5,65.7
FD004,patchtst,asym,30,0.001,"patch10,stride5,d_model128,layers3,revinTrue",42,20.186,18.889,3667.0,114.3
FD004,patchtst,asym,50,0.0005,"patch10,stride5,d_model128,layers3,revinTrue",42,18.957,19.832,3384.0,60.7
FD004,patchtst,mse,50,0.001,"patch10,stride5,d_model128,layers3,revinFalse",42,16.991,14.497,1427.9,65.7
FD004,patchtst,asym,30,0.0005,"patch10,stride5,d_model128,layers3,revinFalse",42,16.478,13.909,978.2,48.9
